{
  "normal_axis_threshold": 0.9689265818044104,
  "boundary_tolerance_ratio": 0.010906426015137043,
  "plate_paired_axes_min": 2,
  "plate_confidence_min": 0.7413131500868727,
  "plate_thin_ratio_max": 0.26896210173120183,
  "plate_tolerant_confidence_min": 0.6186223005045874,
  "box_paired_axes_required": 3,
  "box_confidence_min": 0.7229039679432017,
  "box_tolerant_confidence_min": 0.6108837891691532,
  "tolerant_plate_paired_support_min": 0.55,
  "tolerant_plate_min_span_ratio": 0.7791037166099443,
  "tolerant_plate_footprint_area_ratio": 0.629858405137779,
  "tolerant_plate_footprint_fill_ratio": 0.8455552320293847,
  "tolerant_box_min_span_ratio": 0.6865669841753291,
  "tolerant_box_footprint_area_ratio": 0.58173366547697,
  "tolerant_box_footprint_fill_ratio": 0.8821591644025918,
  "tolerant_box_overall_support_ratio": 0.7113360007734393,
  "hole_interior_boundary_margin_ratio": 0.05,
  "hole_interior_depth_margin_ratio": 0.05,
  "hole_min_component_faces": 8,
  "hole_height_span_floor_ratio": 0.1,
  "hole_height_span_ratio_min": 0.681984433300458,
  "hole_min_radius_ratio": 0.01907675147745593,
  "hole_max_radius_ratio": 0.4035048700465466,
  "hole_radial_error_max": 0.12703321518231359,
  "hole_angular_coverage_min": 0.6968903481097649,
  "hole_edge_factor": 0.1,
  "cbore_height_span_floor_ratio": 0.5,
  "cbore_slice_ratios": [
    0.1,
    0.15,
    0.2
  ],
  "cbore_radial_error_max": 0.06162693462785741,
  "cbore_angular_coverage_min": 0.60623956698706,
  "cbore_concentric_ratio_max": 0.1,
  "cbore_radius_ratio_min": 1.398852725625422,
  "cbore_depth_floor_ratio": 0.1,
  "cbore_depth_ceiling_ratio": 0.95,
  "cbore_edge_tolerance_ratio": 0.08,
  "slot_aspect_ratio_min": 1.3504446376109858,
  "slot_straight_length_min_ratio": 0.25,
  "slot_error_ratio_max": 0.21480911592111515,
  "slot_cap_tolerance_ratio": 0.25,
  "slot_side_tolerance_ratio": 0.25,
  "rect_error_ratio_max": 0.06542326357973528,
  "rect_edge_tolerance_ratio": 0.08,
  "pocket_height_floor_ratio": 0.1,
  "pocket_height_ceiling_ratio": 0.95,
  "pattern_diameter_rounding_mm": 0.01,
  "pattern_regularity_error_max": 0.04048273691350749,
  "grid_pattern_min_holes": 4
}